signature,file,startline,startcol,endline,endcol,properties
Landroid/graphics/pdf/PdfRenderer;->doClose()V,packages/providers/MediaProvider/pdf/framework-v/java/android/graphics/pdf/PdfRenderer.java,390,5,390,88,maxTargetSdk=30&trackingBug=170729553L
Landroid/graphics/pdf/flags/readonly/CustomFeatureFlags;->enableEditPdfStampAnnotations()Z,out/soong/.intermediates/packages/providers/MediaProvider/pdf/framework/pdf_viewer_flags_readonly_java_lib/android_common_apex30/javac/srcjars/android/graphics/pdf/flags/readonly/CustomFeatureFlags.java,20,5,20,25,
Landroid/graphics/pdf/flags/readonly/CustomFeatureFlags;->enableEditPdfTextAnnotations()Z,out/soong/.intermediates/packages/providers/MediaProvider/pdf/framework/pdf_viewer_flags_readonly_java_lib/android_common_apex30/javac/srcjars/android/graphics/pdf/flags/readonly/CustomFeatureFlags.java,27,5,27,25,
Landroid/graphics/pdf/flags/readonly/FeatureFlags;->enableEditPdfStampAnnotations()Z,out/soong/.intermediates/packages/providers/MediaProvider/pdf/framework/pdf_viewer_flags_readonly_java_lib/android_common_apex30/javac/srcjars/android/graphics/pdf/flags/readonly/FeatureFlags.java,9,5,9,25,
Landroid/graphics/pdf/flags/readonly/FeatureFlags;->enableEditPdfTextAnnotations()Z,out/soong/.intermediates/packages/providers/MediaProvider/pdf/framework/pdf_viewer_flags_readonly_java_lib/android_common_apex30/javac/srcjars/android/graphics/pdf/flags/readonly/FeatureFlags.java,13,5,13,25,
Landroid/graphics/pdf/flags/readonly/FeatureFlagsImpl;->enableEditPdfStampAnnotations()Z,out/soong/.intermediates/packages/providers/MediaProvider/pdf/framework/pdf_viewer_flags_readonly_java_lib/android_common_apex30/javac/srcjars/android/graphics/pdf/flags/readonly/FeatureFlagsImpl.java,8,5,8,25,
Landroid/graphics/pdf/flags/readonly/FeatureFlagsImpl;->enableEditPdfTextAnnotations()Z,out/soong/.intermediates/packages/providers/MediaProvider/pdf/framework/pdf_viewer_flags_readonly_java_lib/android_common_apex30/javac/srcjars/android/graphics/pdf/flags/readonly/FeatureFlagsImpl.java,15,5,15,25,
Landroid/graphics/pdf/flags/readonly/Flags;->enableEditPdfStampAnnotations()Z,out/soong/.intermediates/packages/providers/MediaProvider/pdf/framework/pdf_viewer_flags_readonly_java_lib/android_common_apex30/javac/srcjars/android/graphics/pdf/flags/readonly/Flags.java,13,5,13,25,
Landroid/graphics/pdf/flags/readonly/Flags;->enableEditPdfTextAnnotations()Z,out/soong/.intermediates/packages/providers/MediaProvider/pdf/framework/pdf_viewer_flags_readonly_java_lib/android_common_apex30/javac/srcjars/android/graphics/pdf/flags/readonly/Flags.java,20,5,20,25,
Landroid/provider/MediaStore$Files$FileColumns;->STORAGE_ID:Ljava/lang/String;,packages/providers/MediaProvider/apex/framework/java/android/provider/MediaStore.java,2500,13,2500,96,maxTargetSdk=30&trackingBug=170729553L
Landroid/provider/MediaStore$Files$FileColumns;->FORMAT:Ljava/lang/String;,packages/providers/MediaProvider/apex/framework/java/android/provider/MediaStore.java,2509,13,2509,33,
Landroid/provider/MediaStore$Files;->getMtpObjectsUri(Ljava/lang/String;)Landroid/net/Uri;,packages/providers/MediaProvider/apex/framework/java/android/provider/MediaStore.java,2462,9,2462,29,
Landroid/provider/MediaStore$Files;->getMtpObjectsUri(Ljava/lang/String;J)Landroid/net/Uri;,packages/providers/MediaProvider/apex/framework/java/android/provider/MediaStore.java,2468,9,2468,29,
Landroid/provider/MediaStore$Files;->getMtpReferencesUri(Ljava/lang/String;J)Landroid/net/Uri;,packages/providers/MediaProvider/apex/framework/java/android/provider/MediaStore.java,2474,9,2474,29,
Lcom/android/providers/media/flags/CustomFeatureFlags;->accessMediaOwnerPackageNamePermission()Z,out/soong/.intermediates/packages/providers/MediaProvider/mediaprovider_flags_java_lib/android_common_apex30/javac/srcjars/com/android/providers/media/flags/CustomFeatureFlags.java,20,5,20,25,
Lcom/android/providers/media/flags/CustomFeatureFlags;->accessMediaOwnerPackageNamePermission()Z,out/soong/.intermediates/packages/providers/MediaProvider/mediaprovider_flags_java_lib/android_common_apex30/javac/srcjars/com/android/providers/media/flags/CustomFeatureFlags.java,20,5,20,25,
Lcom/android/providers/media/flags/CustomFeatureFlags;->audioSampleColumns()Z,out/soong/.intermediates/packages/providers/MediaProvider/mediaprovider_flags_java_lib/android_common_apex30/javac/srcjars/com/android/providers/media/flags/CustomFeatureFlags.java,27,5,27,25,
Lcom/android/providers/media/flags/CustomFeatureFlags;->audioSampleColumns()Z,out/soong/.intermediates/packages/providers/MediaProvider/mediaprovider_flags_java_lib/android_common_apex30/javac/srcjars/com/android/providers/media/flags/CustomFeatureFlags.java,27,5,27,25,
Lcom/android/providers/media/flags/CustomFeatureFlags;->cloudMediaProviderSearch()Z,out/soong/.intermediates/packages/providers/MediaProvider/mediaprovider_flags_java_lib/android_common_apex30/javac/srcjars/com/android/providers/media/flags/CustomFeatureFlags.java,34,5,34,25,
Lcom/android/providers/media/flags/CustomFeatureFlags;->cloudMediaProviderSearch()Z,out/soong/.intermediates/packages/providers/MediaProvider/mediaprovider_flags_java_lib/android_common_apex30/javac/srcjars/com/android/providers/media/flags/CustomFeatureFlags.java,34,5,34,25,
Lcom/android/providers/media/flags/CustomFeatureFlags;->enableAppopPermissionChecksCache()Z,out/soong/.intermediates/packages/providers/MediaProvider/mediaprovider_flags_java_lib/android_common_apex30/javac/srcjars/com/android/providers/media/flags/CustomFeatureFlags.java,41,5,41,25,
Lcom/android/providers/media/flags/CustomFeatureFlags;->enableAppopPermissionChecksCache()Z,out/soong/.intermediates/packages/providers/MediaProvider/mediaprovider_flags_java_lib/android_common_apex30/javac/srcjars/com/android/providers/media/flags/CustomFeatureFlags.java,41,5,41,25,
Lcom/android/providers/media/flags/CustomFeatureFlags;->enableBackupAndRestore()Z,out/soong/.intermediates/packages/providers/MediaProvider/mediaprovider_flags_java_lib/android_common_apex30/javac/srcjars/com/android/providers/media/flags/CustomFeatureFlags.java,48,5,48,25,
Lcom/android/providers/media/flags/CustomFeatureFlags;->enableBackupAndRestore()Z,out/soong/.intermediates/packages/providers/MediaProvider/mediaprovider_flags_java_lib/android_common_apex30/javac/srcjars/com/android/providers/media/flags/CustomFeatureFlags.java,48,5,48,25,
Lcom/android/providers/media/flags/CustomFeatureFlags;->enableCloudMediaProviderCapabilities()Z,out/soong/.intermediates/packages/providers/MediaProvider/mediaprovider_flags_java_lib/android_common_apex30/javac/srcjars/com/android/providers/media/flags/CustomFeatureFlags.java,55,5,55,25,
Lcom/android/providers/media/flags/CustomFeatureFlags;->enableCloudMediaProviderCapabilities()Z,out/soong/.intermediates/packages/providers/MediaProvider/mediaprovider_flags_java_lib/android_common_apex30/javac/srcjars/com/android/providers/media/flags/CustomFeatureFlags.java,55,5,55,25,
Lcom/android/providers/media/flags/CustomFeatureFlags;->enableEmbeddedPhotopicker()Z,out/soong/.intermediates/packages/providers/MediaProvider/mediaprovider_flags_java_lib/android_common_apex30/javac/srcjars/com/android/providers/media/flags/CustomFeatureFlags.java,62,5,62,25,
Lcom/android/providers/media/flags/CustomFeatureFlags;->enableEmbeddedPhotopicker()Z,out/soong/.intermediates/packages/providers/MediaProvider/mediaprovider_flags_java_lib/android_common_apex30/javac/srcjars/com/android/providers/media/flags/CustomFeatureFlags.java,62,5,62,25,
Lcom/android/providers/media/flags/CustomFeatureFlags;->enableExclusionListForDefaultFolders()Z,out/soong/.intermediates/packages/providers/MediaProvider/mediaprovider_flags_java_lib/android_common_apex30/javac/srcjars/com/android/providers/media/flags/CustomFeatureFlags.java,69,5,69,25,
Lcom/android/providers/media/flags/CustomFeatureFlags;->enableExclusionListForDefaultFolders()Z,out/soong/.intermediates/packages/providers/MediaProvider/mediaprovider_flags_java_lib/android_common_apex30/javac/srcjars/com/android/providers/media/flags/CustomFeatureFlags.java,69,5,69,25,
Lcom/android/providers/media/flags/CustomFeatureFlags;->enableLocalMediaProviderCapabilities()Z,out/soong/.intermediates/packages/providers/MediaProvider/mediaprovider_flags_java_lib/android_common_apex30/javac/srcjars/com/android/providers/media/flags/CustomFeatureFlags.java,76,5,76,25,
Lcom/android/providers/media/flags/CustomFeatureFlags;->enableLocalMediaProviderCapabilities()Z,out/soong/.intermediates/packages/providers/MediaProvider/mediaprovider_flags_java_lib/android_common_apex30/javac/srcjars/com/android/providers/media/flags/CustomFeatureFlags.java,76,5,76,25,
Lcom/android/providers/media/flags/CustomFeatureFlags;->enableMaliciousAppDetector()Z,out/soong/.intermediates/packages/providers/MediaProvider/mediaprovider_flags_java_lib/android_common_apex30/javac/srcjars/com/android/providers/media/flags/CustomFeatureFlags.java,83,5,83,25,
Lcom/android/providers/media/flags/CustomFeatureFlags;->enableMaliciousAppDetector()Z,out/soong/.intermediates/packages/providers/MediaProvider/mediaprovider_flags_java_lib/android_common_apex30/javac/srcjars/com/android/providers/media/flags/CustomFeatureFlags.java,83,5,83,25,
Lcom/android/providers/media/flags/CustomFeatureFlags;->enableMarkIsFavoriteStatusApi()Z,out/soong/.intermediates/packages/providers/MediaProvider/mediaprovider_flags_java_lib/android_common_apex30/javac/srcjars/com/android/providers/media/flags/CustomFeatureFlags.java,90,5,90,25,
Lcom/android/providers/media/flags/CustomFeatureFlags;->enableMarkIsFavoriteStatusApi()Z,out/soong/.intermediates/packages/providers/MediaProvider/mediaprovider_flags_java_lib/android_common_apex30/javac/srcjars/com/android/providers/media/flags/CustomFeatureFlags.java,90,5,90,25,
Lcom/android/providers/media/flags/CustomFeatureFlags;->enableMarkMediaAsFavoriteApi()Z,out/soong/.intermediates/packages/providers/MediaProvider/mediaprovider_flags_java_lib/android_common_apex30/javac/srcjars/com/android/providers/media/flags/CustomFeatureFlags.java,97,5,97,25,
Lcom/android/providers/media/flags/CustomFeatureFlags;->enableMarkMediaAsFavoriteApi()Z,out/soong/.intermediates/packages/providers/MediaProvider/mediaprovider_flags_java_lib/android_common_apex30/javac/srcjars/com/android/providers/media/flags/CustomFeatureFlags.java,97,5,97,25,
Lcom/android/providers/media/flags/CustomFeatureFlags;->enableMimeTypeFixForAndroid15()Z,out/soong/.intermediates/packages/providers/MediaProvider/mediaprovider_flags_java_lib/android_common_apex30/javac/srcjars/com/android/providers/media/flags/CustomFeatureFlags.java,104,5,104,25,
Lcom/android/providers/media/flags/CustomFeatureFlags;->enableMimeTypeFixForAndroid15()Z,out/soong/.intermediates/packages/providers/MediaProvider/mediaprovider_flags_java_lib/android_common_apex30/javac/srcjars/com/android/providers/media/flags/CustomFeatureFlags.java,104,5,104,25,
Lcom/android/providers/media/flags/CustomFeatureFlags;->enableModernPhotopicker()Z,out/soong/.intermediates/packages/providers/MediaProvider/mediaprovider_flags_java_lib/android_common_apex30/javac/srcjars/com/android/providers/media/flags/CustomFeatureFlags.java,111,5,111,25,
Lcom/android/providers/media/flags/CustomFeatureFlags;->enableModernPhotopicker()Z,out/soong/.intermediates/packages/providers/MediaProvider/mediaprovider_flags_java_lib/android_common_apex30/javac/srcjars/com/android/providers/media/flags/CustomFeatureFlags.java,111,5,111,25,
Lcom/android/providers/media/flags/CustomFeatureFlags;->enableOemMetadata()Z,out/soong/.intermediates/packages/providers/MediaProvider/mediaprovider_flags_java_lib/android_common_apex30/javac/srcjars/com/android/providers/media/flags/CustomFeatureFlags.java,118,5,118,25,
Lcom/android/providers/media/flags/CustomFeatureFlags;->enableOemMetadata()Z,out/soong/.intermediates/packages/providers/MediaProvider/mediaprovider_flags_java_lib/android_common_apex30/javac/srcjars/com/android/providers/media/flags/CustomFeatureFlags.java,118,5,118,25,
Lcom/android/providers/media/flags/CustomFeatureFlags;->enableOemMetadataUpdate()Z,out/soong/.intermediates/packages/providers/MediaProvider/mediaprovider_flags_java_lib/android_common_apex30/javac/srcjars/com/android/providers/media/flags/CustomFeatureFlags.java,125,5,125,25,
Lcom/android/providers/media/flags/CustomFeatureFlags;->enableOemMetadataUpdate()Z,out/soong/.intermediates/packages/providers/MediaProvider/mediaprovider_flags_java_lib/android_common_apex30/javac/srcjars/com/android/providers/media/flags/CustomFeatureFlags.java,125,5,125,25,
Lcom/android/providers/media/flags/CustomFeatureFlags;->enablePhotopickerDatescrubber()Z,out/soong/.intermediates/packages/providers/MediaProvider/mediaprovider_flags_java_lib/android_common_apex30/javac/srcjars/com/android/providers/media/flags/CustomFeatureFlags.java,132,5,132,25,
Lcom/android/providers/media/flags/CustomFeatureFlags;->enablePhotopickerDatescrubber()Z,out/soong/.intermediates/packages/providers/MediaProvider/mediaprovider_flags_java_lib/android_common_apex30/javac/srcjars/com/android/providers/media/flags/CustomFeatureFlags.java,132,5,132,25,
Lcom/android/providers/media/flags/CustomFeatureFlags;->enablePhotopickerExpressiveTheme()Z,out/soong/.intermediates/packages/providers/MediaProvider/mediaprovider_flags_java_lib/android_common_apex30/javac/srcjars/com/android/providers/media/flags/CustomFeatureFlags.java,139,5,139,25,
Lcom/android/providers/media/flags/CustomFeatureFlags;->enablePhotopickerExpressiveTheme()Z,out/soong/.intermediates/packages/providers/MediaProvider/mediaprovider_flags_java_lib/android_common_apex30/javac/srcjars/com/android/providers/media/flags/CustomFeatureFlags.java,139,5,139,25,
Lcom/android/providers/media/flags/CustomFeatureFlags;->enablePhotopickerSearch()Z,out/soong/.intermediates/packages/providers/MediaProvider/mediaprovider_flags_java_lib/android_common_apex30/javac/srcjars/com/android/providers/media/flags/CustomFeatureFlags.java,146,5,146,25,
Lcom/android/providers/media/flags/CustomFeatureFlags;->enablePhotopickerSearch()Z,out/soong/.intermediates/packages/providers/MediaProvider/mediaprovider_flags_java_lib/android_common_apex30/javac/srcjars/com/android/providers/media/flags/CustomFeatureFlags.java,146,5,146,25,
Lcom/android/providers/media/flags/CustomFeatureFlags;->enablePhotopickerTranscoding()Z,out/soong/.intermediates/packages/providers/MediaProvider/mediaprovider_flags_java_lib/android_common_apex30/javac/srcjars/com/android/providers/media/flags/CustomFeatureFlags.java,153,5,153,25,
Lcom/android/providers/media/flags/CustomFeatureFlags;->enablePhotopickerTranscoding()Z,out/soong/.intermediates/packages/providers/MediaProvider/mediaprovider_flags_java_lib/android_common_apex30/javac/srcjars/com/android/providers/media/flags/CustomFeatureFlags.java,153,5,153,25,
Lcom/android/providers/media/flags/CustomFeatureFlags;->enableStableUrisForExternalPrimaryVolume()Z,out/soong/.intermediates/packages/providers/MediaProvider/mediaprovider_flags_java_lib/android_common_apex30/javac/srcjars/com/android/providers/media/flags/CustomFeatureFlags.java,160,5,160,25,
Lcom/android/providers/media/flags/CustomFeatureFlags;->enableStableUrisForExternalPrimaryVolume()Z,out/soong/.intermediates/packages/providers/MediaProvider/mediaprovider_flags_java_lib/android_common_apex30/javac/srcjars/com/android/providers/media/flags/CustomFeatureFlags.java,160,5,160,25,
Lcom/android/providers/media/flags/CustomFeatureFlags;->enableStableUrisForPublicVolume()Z,out/soong/.intermediates/packages/providers/MediaProvider/mediaprovider_flags_java_lib/android_common_apex30/javac/srcjars/com/android/providers/media/flags/CustomFeatureFlags.java,167,5,167,25,
Lcom/android/providers/media/flags/CustomFeatureFlags;->enableStableUrisForPublicVolume()Z,out/soong/.intermediates/packages/providers/MediaProvider/mediaprovider_flags_java_lib/android_common_apex30/javac/srcjars/com/android/providers/media/flags/CustomFeatureFlags.java,167,5,167,25,
Lcom/android/providers/media/flags/CustomFeatureFlags;->enableUnicodeCheck()Z,out/soong/.intermediates/packages/providers/MediaProvider/mediaprovider_flags_java_lib/android_common_apex30/javac/srcjars/com/android/providers/media/flags/CustomFeatureFlags.java,174,5,174,25,
Lcom/android/providers/media/flags/CustomFeatureFlags;->enableUnicodeCheck()Z,out/soong/.intermediates/packages/providers/MediaProvider/mediaprovider_flags_java_lib/android_common_apex30/javac/srcjars/com/android/providers/media/flags/CustomFeatureFlags.java,174,5,174,25,
Lcom/android/providers/media/flags/CustomFeatureFlags;->excludeUnreliableVolumes()Z,out/soong/.intermediates/packages/providers/MediaProvider/mediaprovider_flags_java_lib/android_common_apex30/javac/srcjars/com/android/providers/media/flags/CustomFeatureFlags.java,181,5,181,25,
Lcom/android/providers/media/flags/CustomFeatureFlags;->excludeUnreliableVolumes()Z,out/soong/.intermediates/packages/providers/MediaProvider/mediaprovider_flags_java_lib/android_common_apex30/javac/srcjars/com/android/providers/media/flags/CustomFeatureFlags.java,181,5,181,25,
Lcom/android/providers/media/flags/CustomFeatureFlags;->indexMediaLatitudeLongitude()Z,out/soong/.intermediates/packages/providers/MediaProvider/mediaprovider_flags_java_lib/android_common_apex30/javac/srcjars/com/android/providers/media/flags/CustomFeatureFlags.java,188,5,188,25,
Lcom/android/providers/media/flags/CustomFeatureFlags;->indexMediaLatitudeLongitude()Z,out/soong/.intermediates/packages/providers/MediaProvider/mediaprovider_flags_java_lib/android_common_apex30/javac/srcjars/com/android/providers/media/flags/CustomFeatureFlags.java,188,5,188,25,
Lcom/android/providers/media/flags/CustomFeatureFlags;->inferredMediaDate()Z,out/soong/.intermediates/packages/providers/MediaProvider/mediaprovider_flags_java_lib/android_common_apex30/javac/srcjars/com/android/providers/media/flags/CustomFeatureFlags.java,195,5,195,25,
Lcom/android/providers/media/flags/CustomFeatureFlags;->inferredMediaDate()Z,out/soong/.intermediates/packages/providers/MediaProvider/mediaprovider_flags_java_lib/android_common_apex30/javac/srcjars/com/android/providers/media/flags/CustomFeatureFlags.java,195,5,195,25,
Lcom/android/providers/media/flags/CustomFeatureFlags;->mediaCognitionService()Z,out/soong/.intermediates/packages/providers/MediaProvider/mediaprovider_flags_java_lib/android_common_apex30/javac/srcjars/com/android/providers/media/flags/CustomFeatureFlags.java,202,5,202,25,
Lcom/android/providers/media/flags/CustomFeatureFlags;->mediaCognitionService()Z,out/soong/.intermediates/packages/providers/MediaProvider/mediaprovider_flags_java_lib/android_common_apex30/javac/srcjars/com/android/providers/media/flags/CustomFeatureFlags.java,202,5,202,25,
Lcom/android/providers/media/flags/CustomFeatureFlags;->mediaStoreOpenFile()Z,out/soong/.intermediates/packages/providers/MediaProvider/mediaprovider_flags_java_lib/android_common_apex30/javac/srcjars/com/android/providers/media/flags/CustomFeatureFlags.java,209,5,209,25,
Lcom/android/providers/media/flags/CustomFeatureFlags;->mediaStoreOpenFile()Z,out/soong/.intermediates/packages/providers/MediaProvider/mediaprovider_flags_java_lib/android_common_apex30/javac/srcjars/com/android/providers/media/flags/CustomFeatureFlags.java,209,5,209,25,
Lcom/android/providers/media/flags/CustomFeatureFlags;->motionPhotoIntent()Z,out/soong/.intermediates/packages/providers/MediaProvider/mediaprovider_flags_java_lib/android_common_apex30/javac/srcjars/com/android/providers/media/flags/CustomFeatureFlags.java,216,5,216,25,
Lcom/android/providers/media/flags/CustomFeatureFlags;->motionPhotoIntent()Z,out/soong/.intermediates/packages/providers/MediaProvider/mediaprovider_flags_java_lib/android_common_apex30/javac/srcjars/com/android/providers/media/flags/CustomFeatureFlags.java,216,5,216,25,
Lcom/android/providers/media/flags/CustomFeatureFlags;->pickOrderedImages()Z,out/soong/.intermediates/packages/providers/MediaProvider/mediaprovider_flags_java_lib/android_common_apex30/javac/srcjars/com/android/providers/media/flags/CustomFeatureFlags.java,223,5,223,25,
Lcom/android/providers/media/flags/CustomFeatureFlags;->pickOrderedImages()Z,out/soong/.intermediates/packages/providers/MediaProvider/mediaprovider_flags_java_lib/android_common_apex30/javac/srcjars/com/android/providers/media/flags/CustomFeatureFlags.java,223,5,223,25,
Lcom/android/providers/media/flags/CustomFeatureFlags;->pickerAccentColor()Z,out/soong/.intermediates/packages/providers/MediaProvider/mediaprovider_flags_java_lib/android_common_apex30/javac/srcjars/com/android/providers/media/flags/CustomFeatureFlags.java,230,5,230,25,
Lcom/android/providers/media/flags/CustomFeatureFlags;->pickerAccentColor()Z,out/soong/.intermediates/packages/providers/MediaProvider/mediaprovider_flags_java_lib/android_common_apex30/javac/srcjars/com/android/providers/media/flags/CustomFeatureFlags.java,230,5,230,25,
Lcom/android/providers/media/flags/CustomFeatureFlags;->pickerDefaultTab()Z,out/soong/.intermediates/packages/providers/MediaProvider/mediaprovider_flags_java_lib/android_common_apex30/javac/srcjars/com/android/providers/media/flags/CustomFeatureFlags.java,237,5,237,25,
Lcom/android/providers/media/flags/CustomFeatureFlags;->pickerDefaultTab()Z,out/soong/.intermediates/packages/providers/MediaProvider/mediaprovider_flags_java_lib/android_common_apex30/javac/srcjars/com/android/providers/media/flags/CustomFeatureFlags.java,237,5,237,25,
Lcom/android/providers/media/flags/CustomFeatureFlags;->pickerPreSelectionExtra()Z,out/soong/.intermediates/packages/providers/MediaProvider/mediaprovider_flags_java_lib/android_common_apex30/javac/srcjars/com/android/providers/media/flags/CustomFeatureFlags.java,244,5,244,25,
Lcom/android/providers/media/flags/CustomFeatureFlags;->pickerPreSelectionExtra()Z,out/soong/.intermediates/packages/providers/MediaProvider/mediaprovider_flags_java_lib/android_common_apex30/javac/srcjars/com/android/providers/media/flags/CustomFeatureFlags.java,244,5,244,25,
Lcom/android/providers/media/flags/CustomFeatureFlags;->pickerRecentSelection()Z,out/soong/.intermediates/packages/providers/MediaProvider/mediaprovider_flags_java_lib/android_common_apex30/javac/srcjars/com/android/providers/media/flags/CustomFeatureFlags.java,251,5,251,25,
Lcom/android/providers/media/flags/CustomFeatureFlags;->pickerRecentSelection()Z,out/soong/.intermediates/packages/providers/MediaProvider/mediaprovider_flags_java_lib/android_common_apex30/javac/srcjars/com/android/providers/media/flags/CustomFeatureFlags.java,251,5,251,25,
Lcom/android/providers/media/flags/CustomFeatureFlags;->revokeAccessOwnedPhotos()Z,out/soong/.intermediates/packages/providers/MediaProvider/mediaprovider_flags_java_lib/android_common_apex30/javac/srcjars/com/android/providers/media/flags/CustomFeatureFlags.java,258,5,258,25,
Lcom/android/providers/media/flags/CustomFeatureFlags;->revokeAccessOwnedPhotos()Z,out/soong/.intermediates/packages/providers/MediaProvider/mediaprovider_flags_java_lib/android_common_apex30/javac/srcjars/com/android/providers/media/flags/CustomFeatureFlags.java,258,5,258,25,
Lcom/android/providers/media/flags/CustomFeatureFlags;->versionLockdown()Z,out/soong/.intermediates/packages/providers/MediaProvider/mediaprovider_flags_java_lib/android_common_apex30/javac/srcjars/com/android/providers/media/flags/CustomFeatureFlags.java,265,5,265,25,
Lcom/android/providers/media/flags/CustomFeatureFlags;->versionLockdown()Z,out/soong/.intermediates/packages/providers/MediaProvider/mediaprovider_flags_java_lib/android_common_apex30/javac/srcjars/com/android/providers/media/flags/CustomFeatureFlags.java,265,5,265,25,
Lcom/android/providers/media/flags/FeatureFlags;->accessMediaOwnerPackageNamePermission()Z,out/soong/.intermediates/packages/providers/MediaProvider/mediaprovider_flags_java_lib/android_common_apex30/javac/srcjars/com/android/providers/media/flags/FeatureFlags.java,9,5,9,25,
Lcom/android/providers/media/flags/FeatureFlags;->accessMediaOwnerPackageNamePermission()Z,out/soong/.intermediates/packages/providers/MediaProvider/mediaprovider_flags_java_lib/android_common_apex30/javac/srcjars/com/android/providers/media/flags/FeatureFlags.java,9,5,9,25,
Lcom/android/providers/media/flags/FeatureFlags;->audioSampleColumns()Z,out/soong/.intermediates/packages/providers/MediaProvider/mediaprovider_flags_java_lib/android_common_apex30/javac/srcjars/com/android/providers/media/flags/FeatureFlags.java,13,5,13,25,
Lcom/android/providers/media/flags/FeatureFlags;->audioSampleColumns()Z,out/soong/.intermediates/packages/providers/MediaProvider/mediaprovider_flags_java_lib/android_common_apex30/javac/srcjars/com/android/providers/media/flags/FeatureFlags.java,13,5,13,25,
Lcom/android/providers/media/flags/FeatureFlags;->cloudMediaProviderSearch()Z,out/soong/.intermediates/packages/providers/MediaProvider/mediaprovider_flags_java_lib/android_common_apex30/javac/srcjars/com/android/providers/media/flags/FeatureFlags.java,17,5,17,25,
Lcom/android/providers/media/flags/FeatureFlags;->cloudMediaProviderSearch()Z,out/soong/.intermediates/packages/providers/MediaProvider/mediaprovider_flags_java_lib/android_common_apex30/javac/srcjars/com/android/providers/media/flags/FeatureFlags.java,17,5,17,25,
Lcom/android/providers/media/flags/FeatureFlags;->enableAppopPermissionChecksCache()Z,out/soong/.intermediates/packages/providers/MediaProvider/mediaprovider_flags_java_lib/android_common_apex30/javac/srcjars/com/android/providers/media/flags/FeatureFlags.java,21,5,21,25,
Lcom/android/providers/media/flags/FeatureFlags;->enableAppopPermissionChecksCache()Z,out/soong/.intermediates/packages/providers/MediaProvider/mediaprovider_flags_java_lib/android_common_apex30/javac/srcjars/com/android/providers/media/flags/FeatureFlags.java,21,5,21,25,
Lcom/android/providers/media/flags/FeatureFlags;->enableBackupAndRestore()Z,out/soong/.intermediates/packages/providers/MediaProvider/mediaprovider_flags_java_lib/android_common_apex30/javac/srcjars/com/android/providers/media/flags/FeatureFlags.java,25,5,25,25,
Lcom/android/providers/media/flags/FeatureFlags;->enableBackupAndRestore()Z,out/soong/.intermediates/packages/providers/MediaProvider/mediaprovider_flags_java_lib/android_common_apex30/javac/srcjars/com/android/providers/media/flags/FeatureFlags.java,25,5,25,25,
Lcom/android/providers/media/flags/FeatureFlags;->enableCloudMediaProviderCapabilities()Z,out/soong/.intermediates/packages/providers/MediaProvider/mediaprovider_flags_java_lib/android_common_apex30/javac/srcjars/com/android/providers/media/flags/FeatureFlags.java,29,5,29,25,
Lcom/android/providers/media/flags/FeatureFlags;->enableCloudMediaProviderCapabilities()Z,out/soong/.intermediates/packages/providers/MediaProvider/mediaprovider_flags_java_lib/android_common_apex30/javac/srcjars/com/android/providers/media/flags/FeatureFlags.java,29,5,29,25,
Lcom/android/providers/media/flags/FeatureFlags;->enableEmbeddedPhotopicker()Z,out/soong/.intermediates/packages/providers/MediaProvider/mediaprovider_flags_java_lib/android_common_apex30/javac/srcjars/com/android/providers/media/flags/FeatureFlags.java,33,5,33,25,
Lcom/android/providers/media/flags/FeatureFlags;->enableEmbeddedPhotopicker()Z,out/soong/.intermediates/packages/providers/MediaProvider/mediaprovider_flags_java_lib/android_common_apex30/javac/srcjars/com/android/providers/media/flags/FeatureFlags.java,33,5,33,25,
Lcom/android/providers/media/flags/FeatureFlags;->enableExclusionListForDefaultFolders()Z,out/soong/.intermediates/packages/providers/MediaProvider/mediaprovider_flags_java_lib/android_common_apex30/javac/srcjars/com/android/providers/media/flags/FeatureFlags.java,37,5,37,25,
Lcom/android/providers/media/flags/FeatureFlags;->enableExclusionListForDefaultFolders()Z,out/soong/.intermediates/packages/providers/MediaProvider/mediaprovider_flags_java_lib/android_common_apex30/javac/srcjars/com/android/providers/media/flags/FeatureFlags.java,37,5,37,25,
Lcom/android/providers/media/flags/FeatureFlags;->enableLocalMediaProviderCapabilities()Z,out/soong/.intermediates/packages/providers/MediaProvider/mediaprovider_flags_java_lib/android_common_apex30/javac/srcjars/com/android/providers/media/flags/FeatureFlags.java,41,5,41,25,
Lcom/android/providers/media/flags/FeatureFlags;->enableLocalMediaProviderCapabilities()Z,out/soong/.intermediates/packages/providers/MediaProvider/mediaprovider_flags_java_lib/android_common_apex30/javac/srcjars/com/android/providers/media/flags/FeatureFlags.java,41,5,41,25,
Lcom/android/providers/media/flags/FeatureFlags;->enableMaliciousAppDetector()Z,out/soong/.intermediates/packages/providers/MediaProvider/mediaprovider_flags_java_lib/android_common_apex30/javac/srcjars/com/android/providers/media/flags/FeatureFlags.java,45,5,45,25,
Lcom/android/providers/media/flags/FeatureFlags;->enableMaliciousAppDetector()Z,out/soong/.intermediates/packages/providers/MediaProvider/mediaprovider_flags_java_lib/android_common_apex30/javac/srcjars/com/android/providers/media/flags/FeatureFlags.java,45,5,45,25,
Lcom/android/providers/media/flags/FeatureFlags;->enableMarkIsFavoriteStatusApi()Z,out/soong/.intermediates/packages/providers/MediaProvider/mediaprovider_flags_java_lib/android_common_apex30/javac/srcjars/com/android/providers/media/flags/FeatureFlags.java,49,5,49,25,
Lcom/android/providers/media/flags/FeatureFlags;->enableMarkIsFavoriteStatusApi()Z,out/soong/.intermediates/packages/providers/MediaProvider/mediaprovider_flags_java_lib/android_common_apex30/javac/srcjars/com/android/providers/media/flags/FeatureFlags.java,49,5,49,25,
Lcom/android/providers/media/flags/FeatureFlags;->enableMarkMediaAsFavoriteApi()Z,out/soong/.intermediates/packages/providers/MediaProvider/mediaprovider_flags_java_lib/android_common_apex30/javac/srcjars/com/android/providers/media/flags/FeatureFlags.java,53,5,53,25,
Lcom/android/providers/media/flags/FeatureFlags;->enableMarkMediaAsFavoriteApi()Z,out/soong/.intermediates/packages/providers/MediaProvider/mediaprovider_flags_java_lib/android_common_apex30/javac/srcjars/com/android/providers/media/flags/FeatureFlags.java,53,5,53,25,
Lcom/android/providers/media/flags/FeatureFlags;->enableMimeTypeFixForAndroid15()Z,out/soong/.intermediates/packages/providers/MediaProvider/mediaprovider_flags_java_lib/android_common_apex30/javac/srcjars/com/android/providers/media/flags/FeatureFlags.java,57,5,57,25,
Lcom/android/providers/media/flags/FeatureFlags;->enableMimeTypeFixForAndroid15()Z,out/soong/.intermediates/packages/providers/MediaProvider/mediaprovider_flags_java_lib/android_common_apex30/javac/srcjars/com/android/providers/media/flags/FeatureFlags.java,57,5,57,25,
Lcom/android/providers/media/flags/FeatureFlags;->enableModernPhotopicker()Z,out/soong/.intermediates/packages/providers/MediaProvider/mediaprovider_flags_java_lib/android_common_apex30/javac/srcjars/com/android/providers/media/flags/FeatureFlags.java,61,5,61,25,
Lcom/android/providers/media/flags/FeatureFlags;->enableModernPhotopicker()Z,out/soong/.intermediates/packages/providers/MediaProvider/mediaprovider_flags_java_lib/android_common_apex30/javac/srcjars/com/android/providers/media/flags/FeatureFlags.java,61,5,61,25,
Lcom/android/providers/media/flags/FeatureFlags;->enableOemMetadata()Z,out/soong/.intermediates/packages/providers/MediaProvider/mediaprovider_flags_java_lib/android_common_apex30/javac/srcjars/com/android/providers/media/flags/FeatureFlags.java,65,5,65,25,
Lcom/android/providers/media/flags/FeatureFlags;->enableOemMetadata()Z,out/soong/.intermediates/packages/providers/MediaProvider/mediaprovider_flags_java_lib/android_common_apex30/javac/srcjars/com/android/providers/media/flags/FeatureFlags.java,65,5,65,25,
Lcom/android/providers/media/flags/FeatureFlags;->enableOemMetadataUpdate()Z,out/soong/.intermediates/packages/providers/MediaProvider/mediaprovider_flags_java_lib/android_common_apex30/javac/srcjars/com/android/providers/media/flags/FeatureFlags.java,69,5,69,25,
Lcom/android/providers/media/flags/FeatureFlags;->enableOemMetadataUpdate()Z,out/soong/.intermediates/packages/providers/MediaProvider/mediaprovider_flags_java_lib/android_common_apex30/javac/srcjars/com/android/providers/media/flags/FeatureFlags.java,69,5,69,25,
Lcom/android/providers/media/flags/FeatureFlags;->enablePhotopickerDatescrubber()Z,out/soong/.intermediates/packages/providers/MediaProvider/mediaprovider_flags_java_lib/android_common_apex30/javac/srcjars/com/android/providers/media/flags/FeatureFlags.java,73,5,73,25,
Lcom/android/providers/media/flags/FeatureFlags;->enablePhotopickerDatescrubber()Z,out/soong/.intermediates/packages/providers/MediaProvider/mediaprovider_flags_java_lib/android_common_apex30/javac/srcjars/com/android/providers/media/flags/FeatureFlags.java,73,5,73,25,
Lcom/android/providers/media/flags/FeatureFlags;->enablePhotopickerExpressiveTheme()Z,out/soong/.intermediates/packages/providers/MediaProvider/mediaprovider_flags_java_lib/android_common_apex30/javac/srcjars/com/android/providers/media/flags/FeatureFlags.java,77,5,77,25,
Lcom/android/providers/media/flags/FeatureFlags;->enablePhotopickerExpressiveTheme()Z,out/soong/.intermediates/packages/providers/MediaProvider/mediaprovider_flags_java_lib/android_common_apex30/javac/srcjars/com/android/providers/media/flags/FeatureFlags.java,77,5,77,25,
Lcom/android/providers/media/flags/FeatureFlags;->enablePhotopickerSearch()Z,out/soong/.intermediates/packages/providers/MediaProvider/mediaprovider_flags_java_lib/android_common_apex30/javac/srcjars/com/android/providers/media/flags/FeatureFlags.java,81,5,81,25,
Lcom/android/providers/media/flags/FeatureFlags;->enablePhotopickerSearch()Z,out/soong/.intermediates/packages/providers/MediaProvider/mediaprovider_flags_java_lib/android_common_apex30/javac/srcjars/com/android/providers/media/flags/FeatureFlags.java,81,5,81,25,
Lcom/android/providers/media/flags/FeatureFlags;->enablePhotopickerTranscoding()Z,out/soong/.intermediates/packages/providers/MediaProvider/mediaprovider_flags_java_lib/android_common_apex30/javac/srcjars/com/android/providers/media/flags/FeatureFlags.java,85,5,85,25,
Lcom/android/providers/media/flags/FeatureFlags;->enablePhotopickerTranscoding()Z,out/soong/.intermediates/packages/providers/MediaProvider/mediaprovider_flags_java_lib/android_common_apex30/javac/srcjars/com/android/providers/media/flags/FeatureFlags.java,85,5,85,25,
Lcom/android/providers/media/flags/FeatureFlags;->enableStableUrisForExternalPrimaryVolume()Z,out/soong/.intermediates/packages/providers/MediaProvider/mediaprovider_flags_java_lib/android_common_apex30/javac/srcjars/com/android/providers/media/flags/FeatureFlags.java,89,5,89,25,
Lcom/android/providers/media/flags/FeatureFlags;->enableStableUrisForExternalPrimaryVolume()Z,out/soong/.intermediates/packages/providers/MediaProvider/mediaprovider_flags_java_lib/android_common_apex30/javac/srcjars/com/android/providers/media/flags/FeatureFlags.java,89,5,89,25,
Lcom/android/providers/media/flags/FeatureFlags;->enableStableUrisForPublicVolume()Z,out/soong/.intermediates/packages/providers/MediaProvider/mediaprovider_flags_java_lib/android_common_apex30/javac/srcjars/com/android/providers/media/flags/FeatureFlags.java,93,5,93,25,
Lcom/android/providers/media/flags/FeatureFlags;->enableStableUrisForPublicVolume()Z,out/soong/.intermediates/packages/providers/MediaProvider/mediaprovider_flags_java_lib/android_common_apex30/javac/srcjars/com/android/providers/media/flags/FeatureFlags.java,93,5,93,25,
Lcom/android/providers/media/flags/FeatureFlags;->enableUnicodeCheck()Z,out/soong/.intermediates/packages/providers/MediaProvider/mediaprovider_flags_java_lib/android_common_apex30/javac/srcjars/com/android/providers/media/flags/FeatureFlags.java,97,5,97,25,
Lcom/android/providers/media/flags/FeatureFlags;->enableUnicodeCheck()Z,out/soong/.intermediates/packages/providers/MediaProvider/mediaprovider_flags_java_lib/android_common_apex30/javac/srcjars/com/android/providers/media/flags/FeatureFlags.java,97,5,97,25,
Lcom/android/providers/media/flags/FeatureFlags;->excludeUnreliableVolumes()Z,out/soong/.intermediates/packages/providers/MediaProvider/mediaprovider_flags_java_lib/android_common_apex30/javac/srcjars/com/android/providers/media/flags/FeatureFlags.java,101,5,101,25,
Lcom/android/providers/media/flags/FeatureFlags;->excludeUnreliableVolumes()Z,out/soong/.intermediates/packages/providers/MediaProvider/mediaprovider_flags_java_lib/android_common_apex30/javac/srcjars/com/android/providers/media/flags/FeatureFlags.java,101,5,101,25,
Lcom/android/providers/media/flags/FeatureFlags;->indexMediaLatitudeLongitude()Z,out/soong/.intermediates/packages/providers/MediaProvider/mediaprovider_flags_java_lib/android_common_apex30/javac/srcjars/com/android/providers/media/flags/FeatureFlags.java,105,5,105,25,
Lcom/android/providers/media/flags/FeatureFlags;->indexMediaLatitudeLongitude()Z,out/soong/.intermediates/packages/providers/MediaProvider/mediaprovider_flags_java_lib/android_common_apex30/javac/srcjars/com/android/providers/media/flags/FeatureFlags.java,105,5,105,25,
Lcom/android/providers/media/flags/FeatureFlags;->inferredMediaDate()Z,out/soong/.intermediates/packages/providers/MediaProvider/mediaprovider_flags_java_lib/android_common_apex30/javac/srcjars/com/android/providers/media/flags/FeatureFlags.java,109,5,109,25,
Lcom/android/providers/media/flags/FeatureFlags;->inferredMediaDate()Z,out/soong/.intermediates/packages/providers/MediaProvider/mediaprovider_flags_java_lib/android_common_apex30/javac/srcjars/com/android/providers/media/flags/FeatureFlags.java,109,5,109,25,
Lcom/android/providers/media/flags/FeatureFlags;->mediaCognitionService()Z,out/soong/.intermediates/packages/providers/MediaProvider/mediaprovider_flags_java_lib/android_common_apex30/javac/srcjars/com/android/providers/media/flags/FeatureFlags.java,113,5,113,25,
Lcom/android/providers/media/flags/FeatureFlags;->mediaCognitionService()Z,out/soong/.intermediates/packages/providers/MediaProvider/mediaprovider_flags_java_lib/android_common_apex30/javac/srcjars/com/android/providers/media/flags/FeatureFlags.java,113,5,113,25,
Lcom/android/providers/media/flags/FeatureFlags;->mediaStoreOpenFile()Z,out/soong/.intermediates/packages/providers/MediaProvider/mediaprovider_flags_java_lib/android_common_apex30/javac/srcjars/com/android/providers/media/flags/FeatureFlags.java,117,5,117,25,
Lcom/android/providers/media/flags/FeatureFlags;->mediaStoreOpenFile()Z,out/soong/.intermediates/packages/providers/MediaProvider/mediaprovider_flags_java_lib/android_common_apex30/javac/srcjars/com/android/providers/media/flags/FeatureFlags.java,117,5,117,25,
Lcom/android/providers/media/flags/FeatureFlags;->motionPhotoIntent()Z,out/soong/.intermediates/packages/providers/MediaProvider/mediaprovider_flags_java_lib/android_common_apex30/javac/srcjars/com/android/providers/media/flags/FeatureFlags.java,121,5,121,25,
Lcom/android/providers/media/flags/FeatureFlags;->motionPhotoIntent()Z,out/soong/.intermediates/packages/providers/MediaProvider/mediaprovider_flags_java_lib/android_common_apex30/javac/srcjars/com/android/providers/media/flags/FeatureFlags.java,121,5,121,25,
Lcom/android/providers/media/flags/FeatureFlags;->pickOrderedImages()Z,out/soong/.intermediates/packages/providers/MediaProvider/mediaprovider_flags_java_lib/android_common_apex30/javac/srcjars/com/android/providers/media/flags/FeatureFlags.java,125,5,125,25,
Lcom/android/providers/media/flags/FeatureFlags;->pickOrderedImages()Z,out/soong/.intermediates/packages/providers/MediaProvider/mediaprovider_flags_java_lib/android_common_apex30/javac/srcjars/com/android/providers/media/flags/FeatureFlags.java,125,5,125,25,
Lcom/android/providers/media/flags/FeatureFlags;->pickerAccentColor()Z,out/soong/.intermediates/packages/providers/MediaProvider/mediaprovider_flags_java_lib/android_common_apex30/javac/srcjars/com/android/providers/media/flags/FeatureFlags.java,129,5,129,25,
Lcom/android/providers/media/flags/FeatureFlags;->pickerAccentColor()Z,out/soong/.intermediates/packages/providers/MediaProvider/mediaprovider_flags_java_lib/android_common_apex30/javac/srcjars/com/android/providers/media/flags/FeatureFlags.java,129,5,129,25,
Lcom/android/providers/media/flags/FeatureFlags;->pickerDefaultTab()Z,out/soong/.intermediates/packages/providers/MediaProvider/mediaprovider_flags_java_lib/android_common_apex30/javac/srcjars/com/android/providers/media/flags/FeatureFlags.java,133,5,133,25,
Lcom/android/providers/media/flags/FeatureFlags;->pickerDefaultTab()Z,out/soong/.intermediates/packages/providers/MediaProvider/mediaprovider_flags_java_lib/android_common_apex30/javac/srcjars/com/android/providers/media/flags/FeatureFlags.java,133,5,133,25,
Lcom/android/providers/media/flags/FeatureFlags;->pickerPreSelectionExtra()Z,out/soong/.intermediates/packages/providers/MediaProvider/mediaprovider_flags_java_lib/android_common_apex30/javac/srcjars/com/android/providers/media/flags/FeatureFlags.java,137,5,137,25,
Lcom/android/providers/media/flags/FeatureFlags;->pickerPreSelectionExtra()Z,out/soong/.intermediates/packages/providers/MediaProvider/mediaprovider_flags_java_lib/android_common_apex30/javac/srcjars/com/android/providers/media/flags/FeatureFlags.java,137,5,137,25,
Lcom/android/providers/media/flags/FeatureFlags;->pickerRecentSelection()Z,out/soong/.intermediates/packages/providers/MediaProvider/mediaprovider_flags_java_lib/android_common_apex30/javac/srcjars/com/android/providers/media/flags/FeatureFlags.java,141,5,141,25,
Lcom/android/providers/media/flags/FeatureFlags;->pickerRecentSelection()Z,out/soong/.intermediates/packages/providers/MediaProvider/mediaprovider_flags_java_lib/android_common_apex30/javac/srcjars/com/android/providers/media/flags/FeatureFlags.java,141,5,141,25,
Lcom/android/providers/media/flags/FeatureFlags;->revokeAccessOwnedPhotos()Z,out/soong/.intermediates/packages/providers/MediaProvider/mediaprovider_flags_java_lib/android_common_apex30/javac/srcjars/com/android/providers/media/flags/FeatureFlags.java,145,5,145,25,
Lcom/android/providers/media/flags/FeatureFlags;->revokeAccessOwnedPhotos()Z,out/soong/.intermediates/packages/providers/MediaProvider/mediaprovider_flags_java_lib/android_common_apex30/javac/srcjars/com/android/providers/media/flags/FeatureFlags.java,145,5,145,25,
Lcom/android/providers/media/flags/FeatureFlags;->versionLockdown()Z,out/soong/.intermediates/packages/providers/MediaProvider/mediaprovider_flags_java_lib/android_common_apex30/javac/srcjars/com/android/providers/media/flags/FeatureFlags.java,149,5,149,25,
Lcom/android/providers/media/flags/FeatureFlags;->versionLockdown()Z,out/soong/.intermediates/packages/providers/MediaProvider/mediaprovider_flags_java_lib/android_common_apex30/javac/srcjars/com/android/providers/media/flags/FeatureFlags.java,149,5,149,25,
Lcom/android/providers/media/flags/FeatureFlagsImpl;->accessMediaOwnerPackageNamePermission()Z,out/soong/.intermediates/packages/providers/MediaProvider/mediaprovider_flags_java_lib/android_common_apex30/javac/srcjars/com/android/providers/media/flags/FeatureFlagsImpl.java,8,5,8,25,
Lcom/android/providers/media/flags/FeatureFlagsImpl;->accessMediaOwnerPackageNamePermission()Z,out/soong/.intermediates/packages/providers/MediaProvider/mediaprovider_flags_java_lib/android_common_apex30/javac/srcjars/com/android/providers/media/flags/FeatureFlagsImpl.java,8,5,8,25,
Lcom/android/providers/media/flags/FeatureFlagsImpl;->audioSampleColumns()Z,out/soong/.intermediates/packages/providers/MediaProvider/mediaprovider_flags_java_lib/android_common_apex30/javac/srcjars/com/android/providers/media/flags/FeatureFlagsImpl.java,15,5,15,25,
Lcom/android/providers/media/flags/FeatureFlagsImpl;->audioSampleColumns()Z,out/soong/.intermediates/packages/providers/MediaProvider/mediaprovider_flags_java_lib/android_common_apex30/javac/srcjars/com/android/providers/media/flags/FeatureFlagsImpl.java,15,5,15,25,
Lcom/android/providers/media/flags/FeatureFlagsImpl;->cloudMediaProviderSearch()Z,out/soong/.intermediates/packages/providers/MediaProvider/mediaprovider_flags_java_lib/android_common_apex30/javac/srcjars/com/android/providers/media/flags/FeatureFlagsImpl.java,22,5,22,25,
Lcom/android/providers/media/flags/FeatureFlagsImpl;->cloudMediaProviderSearch()Z,out/soong/.intermediates/packages/providers/MediaProvider/mediaprovider_flags_java_lib/android_common_apex30/javac/srcjars/com/android/providers/media/flags/FeatureFlagsImpl.java,22,5,22,25,
Lcom/android/providers/media/flags/FeatureFlagsImpl;->enableAppopPermissionChecksCache()Z,out/soong/.intermediates/packages/providers/MediaProvider/mediaprovider_flags_java_lib/android_common_apex30/javac/srcjars/com/android/providers/media/flags/FeatureFlagsImpl.java,29,5,29,25,
Lcom/android/providers/media/flags/FeatureFlagsImpl;->enableAppopPermissionChecksCache()Z,out/soong/.intermediates/packages/providers/MediaProvider/mediaprovider_flags_java_lib/android_common_apex30/javac/srcjars/com/android/providers/media/flags/FeatureFlagsImpl.java,29,5,29,25,
Lcom/android/providers/media/flags/FeatureFlagsImpl;->enableBackupAndRestore()Z,out/soong/.intermediates/packages/providers/MediaProvider/mediaprovider_flags_java_lib/android_common_apex30/javac/srcjars/com/android/providers/media/flags/FeatureFlagsImpl.java,36,5,36,25,
Lcom/android/providers/media/flags/FeatureFlagsImpl;->enableBackupAndRestore()Z,out/soong/.intermediates/packages/providers/MediaProvider/mediaprovider_flags_java_lib/android_common_apex30/javac/srcjars/com/android/providers/media/flags/FeatureFlagsImpl.java,36,5,36,25,
Lcom/android/providers/media/flags/FeatureFlagsImpl;->enableCloudMediaProviderCapabilities()Z,out/soong/.intermediates/packages/providers/MediaProvider/mediaprovider_flags_java_lib/android_common_apex30/javac/srcjars/com/android/providers/media/flags/FeatureFlagsImpl.java,43,5,43,25,
Lcom/android/providers/media/flags/FeatureFlagsImpl;->enableCloudMediaProviderCapabilities()Z,out/soong/.intermediates/packages/providers/MediaProvider/mediaprovider_flags_java_lib/android_common_apex30/javac/srcjars/com/android/providers/media/flags/FeatureFlagsImpl.java,43,5,43,25,
Lcom/android/providers/media/flags/FeatureFlagsImpl;->enableEmbeddedPhotopicker()Z,out/soong/.intermediates/packages/providers/MediaProvider/mediaprovider_flags_java_lib/android_common_apex30/javac/srcjars/com/android/providers/media/flags/FeatureFlagsImpl.java,50,5,50,25,
Lcom/android/providers/media/flags/FeatureFlagsImpl;->enableEmbeddedPhotopicker()Z,out/soong/.intermediates/packages/providers/MediaProvider/mediaprovider_flags_java_lib/android_common_apex30/javac/srcjars/com/android/providers/media/flags/FeatureFlagsImpl.java,50,5,50,25,
Lcom/android/providers/media/flags/FeatureFlagsImpl;->enableExclusionListForDefaultFolders()Z,out/soong/.intermediates/packages/providers/MediaProvider/mediaprovider_flags_java_lib/android_common_apex30/javac/srcjars/com/android/providers/media/flags/FeatureFlagsImpl.java,57,5,57,25,
Lcom/android/providers/media/flags/FeatureFlagsImpl;->enableExclusionListForDefaultFolders()Z,out/soong/.intermediates/packages/providers/MediaProvider/mediaprovider_flags_java_lib/android_common_apex30/javac/srcjars/com/android/providers/media/flags/FeatureFlagsImpl.java,57,5,57,25,
Lcom/android/providers/media/flags/FeatureFlagsImpl;->enableLocalMediaProviderCapabilities()Z,out/soong/.intermediates/packages/providers/MediaProvider/mediaprovider_flags_java_lib/android_common_apex30/javac/srcjars/com/android/providers/media/flags/FeatureFlagsImpl.java,64,5,64,25,
Lcom/android/providers/media/flags/FeatureFlagsImpl;->enableLocalMediaProviderCapabilities()Z,out/soong/.intermediates/packages/providers/MediaProvider/mediaprovider_flags_java_lib/android_common_apex30/javac/srcjars/com/android/providers/media/flags/FeatureFlagsImpl.java,64,5,64,25,
Lcom/android/providers/media/flags/FeatureFlagsImpl;->enableMaliciousAppDetector()Z,out/soong/.intermediates/packages/providers/MediaProvider/mediaprovider_flags_java_lib/android_common_apex30/javac/srcjars/com/android/providers/media/flags/FeatureFlagsImpl.java,71,5,71,25,
Lcom/android/providers/media/flags/FeatureFlagsImpl;->enableMaliciousAppDetector()Z,out/soong/.intermediates/packages/providers/MediaProvider/mediaprovider_flags_java_lib/android_common_apex30/javac/srcjars/com/android/providers/media/flags/FeatureFlagsImpl.java,71,5,71,25,
Lcom/android/providers/media/flags/FeatureFlagsImpl;->enableMarkIsFavoriteStatusApi()Z,out/soong/.intermediates/packages/providers/MediaProvider/mediaprovider_flags_java_lib/android_common_apex30/javac/srcjars/com/android/providers/media/flags/FeatureFlagsImpl.java,78,5,78,25,
Lcom/android/providers/media/flags/FeatureFlagsImpl;->enableMarkIsFavoriteStatusApi()Z,out/soong/.intermediates/packages/providers/MediaProvider/mediaprovider_flags_java_lib/android_common_apex30/javac/srcjars/com/android/providers/media/flags/FeatureFlagsImpl.java,78,5,78,25,
Lcom/android/providers/media/flags/FeatureFlagsImpl;->enableMarkMediaAsFavoriteApi()Z,out/soong/.intermediates/packages/providers/MediaProvider/mediaprovider_flags_java_lib/android_common_apex30/javac/srcjars/com/android/providers/media/flags/FeatureFlagsImpl.java,85,5,85,25,
Lcom/android/providers/media/flags/FeatureFlagsImpl;->enableMarkMediaAsFavoriteApi()Z,out/soong/.intermediates/packages/providers/MediaProvider/mediaprovider_flags_java_lib/android_common_apex30/javac/srcjars/com/android/providers/media/flags/FeatureFlagsImpl.java,85,5,85,25,
Lcom/android/providers/media/flags/FeatureFlagsImpl;->enableMimeTypeFixForAndroid15()Z,out/soong/.intermediates/packages/providers/MediaProvider/mediaprovider_flags_java_lib/android_common_apex30/javac/srcjars/com/android/providers/media/flags/FeatureFlagsImpl.java,92,5,92,25,
Lcom/android/providers/media/flags/FeatureFlagsImpl;->enableMimeTypeFixForAndroid15()Z,out/soong/.intermediates/packages/providers/MediaProvider/mediaprovider_flags_java_lib/android_common_apex30/javac/srcjars/com/android/providers/media/flags/FeatureFlagsImpl.java,92,5,92,25,
Lcom/android/providers/media/flags/FeatureFlagsImpl;->enableModernPhotopicker()Z,out/soong/.intermediates/packages/providers/MediaProvider/mediaprovider_flags_java_lib/android_common_apex30/javac/srcjars/com/android/providers/media/flags/FeatureFlagsImpl.java,99,5,99,25,
Lcom/android/providers/media/flags/FeatureFlagsImpl;->enableModernPhotopicker()Z,out/soong/.intermediates/packages/providers/MediaProvider/mediaprovider_flags_java_lib/android_common_apex30/javac/srcjars/com/android/providers/media/flags/FeatureFlagsImpl.java,99,5,99,25,
Lcom/android/providers/media/flags/FeatureFlagsImpl;->enableOemMetadata()Z,out/soong/.intermediates/packages/providers/MediaProvider/mediaprovider_flags_java_lib/android_common_apex30/javac/srcjars/com/android/providers/media/flags/FeatureFlagsImpl.java,106,5,106,25,
Lcom/android/providers/media/flags/FeatureFlagsImpl;->enableOemMetadata()Z,out/soong/.intermediates/packages/providers/MediaProvider/mediaprovider_flags_java_lib/android_common_apex30/javac/srcjars/com/android/providers/media/flags/FeatureFlagsImpl.java,106,5,106,25,
Lcom/android/providers/media/flags/FeatureFlagsImpl;->enableOemMetadataUpdate()Z,out/soong/.intermediates/packages/providers/MediaProvider/mediaprovider_flags_java_lib/android_common_apex30/javac/srcjars/com/android/providers/media/flags/FeatureFlagsImpl.java,113,5,113,25,
Lcom/android/providers/media/flags/FeatureFlagsImpl;->enableOemMetadataUpdate()Z,out/soong/.intermediates/packages/providers/MediaProvider/mediaprovider_flags_java_lib/android_common_apex30/javac/srcjars/com/android/providers/media/flags/FeatureFlagsImpl.java,113,5,113,25,
Lcom/android/providers/media/flags/FeatureFlagsImpl;->enablePhotopickerDatescrubber()Z,out/soong/.intermediates/packages/providers/MediaProvider/mediaprovider_flags_java_lib/android_common_apex30/javac/srcjars/com/android/providers/media/flags/FeatureFlagsImpl.java,120,5,120,25,
Lcom/android/providers/media/flags/FeatureFlagsImpl;->enablePhotopickerDatescrubber()Z,out/soong/.intermediates/packages/providers/MediaProvider/mediaprovider_flags_java_lib/android_common_apex30/javac/srcjars/com/android/providers/media/flags/FeatureFlagsImpl.java,120,5,120,25,
Lcom/android/providers/media/flags/FeatureFlagsImpl;->enablePhotopickerExpressiveTheme()Z,out/soong/.intermediates/packages/providers/MediaProvider/mediaprovider_flags_java_lib/android_common_apex30/javac/srcjars/com/android/providers/media/flags/FeatureFlagsImpl.java,127,5,127,25,
Lcom/android/providers/media/flags/FeatureFlagsImpl;->enablePhotopickerExpressiveTheme()Z,out/soong/.intermediates/packages/providers/MediaProvider/mediaprovider_flags_java_lib/android_common_apex30/javac/srcjars/com/android/providers/media/flags/FeatureFlagsImpl.java,127,5,127,25,
Lcom/android/providers/media/flags/FeatureFlagsImpl;->enablePhotopickerSearch()Z,out/soong/.intermediates/packages/providers/MediaProvider/mediaprovider_flags_java_lib/android_common_apex30/javac/srcjars/com/android/providers/media/flags/FeatureFlagsImpl.java,134,5,134,25,
Lcom/android/providers/media/flags/FeatureFlagsImpl;->enablePhotopickerSearch()Z,out/soong/.intermediates/packages/providers/MediaProvider/mediaprovider_flags_java_lib/android_common_apex30/javac/srcjars/com/android/providers/media/flags/FeatureFlagsImpl.java,134,5,134,25,
Lcom/android/providers/media/flags/FeatureFlagsImpl;->enablePhotopickerTranscoding()Z,out/soong/.intermediates/packages/providers/MediaProvider/mediaprovider_flags_java_lib/android_common_apex30/javac/srcjars/com/android/providers/media/flags/FeatureFlagsImpl.java,141,5,141,25,
Lcom/android/providers/media/flags/FeatureFlagsImpl;->enablePhotopickerTranscoding()Z,out/soong/.intermediates/packages/providers/MediaProvider/mediaprovider_flags_java_lib/android_common_apex30/javac/srcjars/com/android/providers/media/flags/FeatureFlagsImpl.java,141,5,141,25,
Lcom/android/providers/media/flags/FeatureFlagsImpl;->enableStableUrisForExternalPrimaryVolume()Z,out/soong/.intermediates/packages/providers/MediaProvider/mediaprovider_flags_java_lib/android_common_apex30/javac/srcjars/com/android/providers/media/flags/FeatureFlagsImpl.java,148,5,148,25,
Lcom/android/providers/media/flags/FeatureFlagsImpl;->enableStableUrisForExternalPrimaryVolume()Z,out/soong/.intermediates/packages/providers/MediaProvider/mediaprovider_flags_java_lib/android_common_apex30/javac/srcjars/com/android/providers/media/flags/FeatureFlagsImpl.java,148,5,148,25,
Lcom/android/providers/media/flags/FeatureFlagsImpl;->enableStableUrisForPublicVolume()Z,out/soong/.intermediates/packages/providers/MediaProvider/mediaprovider_flags_java_lib/android_common_apex30/javac/srcjars/com/android/providers/media/flags/FeatureFlagsImpl.java,155,5,155,25,
Lcom/android/providers/media/flags/FeatureFlagsImpl;->enableStableUrisForPublicVolume()Z,out/soong/.intermediates/packages/providers/MediaProvider/mediaprovider_flags_java_lib/android_common_apex30/javac/srcjars/com/android/providers/media/flags/FeatureFlagsImpl.java,155,5,155,25,
Lcom/android/providers/media/flags/FeatureFlagsImpl;->enableUnicodeCheck()Z,out/soong/.intermediates/packages/providers/MediaProvider/mediaprovider_flags_java_lib/android_common_apex30/javac/srcjars/com/android/providers/media/flags/FeatureFlagsImpl.java,162,5,162,25,
Lcom/android/providers/media/flags/FeatureFlagsImpl;->enableUnicodeCheck()Z,out/soong/.intermediates/packages/providers/MediaProvider/mediaprovider_flags_java_lib/android_common_apex30/javac/srcjars/com/android/providers/media/flags/FeatureFlagsImpl.java,162,5,162,25,
Lcom/android/providers/media/flags/FeatureFlagsImpl;->excludeUnreliableVolumes()Z,out/soong/.intermediates/packages/providers/MediaProvider/mediaprovider_flags_java_lib/android_common_apex30/javac/srcjars/com/android/providers/media/flags/FeatureFlagsImpl.java,169,5,169,25,
Lcom/android/providers/media/flags/FeatureFlagsImpl;->excludeUnreliableVolumes()Z,out/soong/.intermediates/packages/providers/MediaProvider/mediaprovider_flags_java_lib/android_common_apex30/javac/srcjars/com/android/providers/media/flags/FeatureFlagsImpl.java,169,5,169,25,
Lcom/android/providers/media/flags/FeatureFlagsImpl;->indexMediaLatitudeLongitude()Z,out/soong/.intermediates/packages/providers/MediaProvider/mediaprovider_flags_java_lib/android_common_apex30/javac/srcjars/com/android/providers/media/flags/FeatureFlagsImpl.java,176,5,176,25,
Lcom/android/providers/media/flags/FeatureFlagsImpl;->indexMediaLatitudeLongitude()Z,out/soong/.intermediates/packages/providers/MediaProvider/mediaprovider_flags_java_lib/android_common_apex30/javac/srcjars/com/android/providers/media/flags/FeatureFlagsImpl.java,176,5,176,25,
Lcom/android/providers/media/flags/FeatureFlagsImpl;->inferredMediaDate()Z,out/soong/.intermediates/packages/providers/MediaProvider/mediaprovider_flags_java_lib/android_common_apex30/javac/srcjars/com/android/providers/media/flags/FeatureFlagsImpl.java,183,5,183,25,
Lcom/android/providers/media/flags/FeatureFlagsImpl;->inferredMediaDate()Z,out/soong/.intermediates/packages/providers/MediaProvider/mediaprovider_flags_java_lib/android_common_apex30/javac/srcjars/com/android/providers/media/flags/FeatureFlagsImpl.java,183,5,183,25,
Lcom/android/providers/media/flags/FeatureFlagsImpl;->mediaCognitionService()Z,out/soong/.intermediates/packages/providers/MediaProvider/mediaprovider_flags_java_lib/android_common_apex30/javac/srcjars/com/android/providers/media/flags/FeatureFlagsImpl.java,190,5,190,25,
Lcom/android/providers/media/flags/FeatureFlagsImpl;->mediaCognitionService()Z,out/soong/.intermediates/packages/providers/MediaProvider/mediaprovider_flags_java_lib/android_common_apex30/javac/srcjars/com/android/providers/media/flags/FeatureFlagsImpl.java,190,5,190,25,
Lcom/android/providers/media/flags/FeatureFlagsImpl;->mediaStoreOpenFile()Z,out/soong/.intermediates/packages/providers/MediaProvider/mediaprovider_flags_java_lib/android_common_apex30/javac/srcjars/com/android/providers/media/flags/FeatureFlagsImpl.java,197,5,197,25,
Lcom/android/providers/media/flags/FeatureFlagsImpl;->mediaStoreOpenFile()Z,out/soong/.intermediates/packages/providers/MediaProvider/mediaprovider_flags_java_lib/android_common_apex30/javac/srcjars/com/android/providers/media/flags/FeatureFlagsImpl.java,197,5,197,25,
Lcom/android/providers/media/flags/FeatureFlagsImpl;->motionPhotoIntent()Z,out/soong/.intermediates/packages/providers/MediaProvider/mediaprovider_flags_java_lib/android_common_apex30/javac/srcjars/com/android/providers/media/flags/FeatureFlagsImpl.java,204,5,204,25,
Lcom/android/providers/media/flags/FeatureFlagsImpl;->motionPhotoIntent()Z,out/soong/.intermediates/packages/providers/MediaProvider/mediaprovider_flags_java_lib/android_common_apex30/javac/srcjars/com/android/providers/media/flags/FeatureFlagsImpl.java,204,5,204,25,
Lcom/android/providers/media/flags/FeatureFlagsImpl;->pickOrderedImages()Z,out/soong/.intermediates/packages/providers/MediaProvider/mediaprovider_flags_java_lib/android_common_apex30/javac/srcjars/com/android/providers/media/flags/FeatureFlagsImpl.java,211,5,211,25,
Lcom/android/providers/media/flags/FeatureFlagsImpl;->pickOrderedImages()Z,out/soong/.intermediates/packages/providers/MediaProvider/mediaprovider_flags_java_lib/android_common_apex30/javac/srcjars/com/android/providers/media/flags/FeatureFlagsImpl.java,211,5,211,25,
Lcom/android/providers/media/flags/FeatureFlagsImpl;->pickerAccentColor()Z,out/soong/.intermediates/packages/providers/MediaProvider/mediaprovider_flags_java_lib/android_common_apex30/javac/srcjars/com/android/providers/media/flags/FeatureFlagsImpl.java,218,5,218,25,
Lcom/android/providers/media/flags/FeatureFlagsImpl;->pickerAccentColor()Z,out/soong/.intermediates/packages/providers/MediaProvider/mediaprovider_flags_java_lib/android_common_apex30/javac/srcjars/com/android/providers/media/flags/FeatureFlagsImpl.java,218,5,218,25,
Lcom/android/providers/media/flags/FeatureFlagsImpl;->pickerDefaultTab()Z,out/soong/.intermediates/packages/providers/MediaProvider/mediaprovider_flags_java_lib/android_common_apex30/javac/srcjars/com/android/providers/media/flags/FeatureFlagsImpl.java,225,5,225,25,
Lcom/android/providers/media/flags/FeatureFlagsImpl;->pickerDefaultTab()Z,out/soong/.intermediates/packages/providers/MediaProvider/mediaprovider_flags_java_lib/android_common_apex30/javac/srcjars/com/android/providers/media/flags/FeatureFlagsImpl.java,225,5,225,25,
Lcom/android/providers/media/flags/FeatureFlagsImpl;->pickerPreSelectionExtra()Z,out/soong/.intermediates/packages/providers/MediaProvider/mediaprovider_flags_java_lib/android_common_apex30/javac/srcjars/com/android/providers/media/flags/FeatureFlagsImpl.java,232,5,232,25,
Lcom/android/providers/media/flags/FeatureFlagsImpl;->pickerPreSelectionExtra()Z,out/soong/.intermediates/packages/providers/MediaProvider/mediaprovider_flags_java_lib/android_common_apex30/javac/srcjars/com/android/providers/media/flags/FeatureFlagsImpl.java,232,5,232,25,
Lcom/android/providers/media/flags/FeatureFlagsImpl;->pickerRecentSelection()Z,out/soong/.intermediates/packages/providers/MediaProvider/mediaprovider_flags_java_lib/android_common_apex30/javac/srcjars/com/android/providers/media/flags/FeatureFlagsImpl.java,239,5,239,25,
Lcom/android/providers/media/flags/FeatureFlagsImpl;->pickerRecentSelection()Z,out/soong/.intermediates/packages/providers/MediaProvider/mediaprovider_flags_java_lib/android_common_apex30/javac/srcjars/com/android/providers/media/flags/FeatureFlagsImpl.java,239,5,239,25,
Lcom/android/providers/media/flags/FeatureFlagsImpl;->revokeAccessOwnedPhotos()Z,out/soong/.intermediates/packages/providers/MediaProvider/mediaprovider_flags_java_lib/android_common_apex30/javac/srcjars/com/android/providers/media/flags/FeatureFlagsImpl.java,246,5,246,25,
Lcom/android/providers/media/flags/FeatureFlagsImpl;->revokeAccessOwnedPhotos()Z,out/soong/.intermediates/packages/providers/MediaProvider/mediaprovider_flags_java_lib/android_common_apex30/javac/srcjars/com/android/providers/media/flags/FeatureFlagsImpl.java,246,5,246,25,
Lcom/android/providers/media/flags/FeatureFlagsImpl;->versionLockdown()Z,out/soong/.intermediates/packages/providers/MediaProvider/mediaprovider_flags_java_lib/android_common_apex30/javac/srcjars/com/android/providers/media/flags/FeatureFlagsImpl.java,253,5,253,25,
Lcom/android/providers/media/flags/FeatureFlagsImpl;->versionLockdown()Z,out/soong/.intermediates/packages/providers/MediaProvider/mediaprovider_flags_java_lib/android_common_apex30/javac/srcjars/com/android/providers/media/flags/FeatureFlagsImpl.java,253,5,253,25,
Lcom/android/providers/media/flags/Flags;->accessMediaOwnerPackageNamePermission()Z,out/soong/.intermediates/packages/providers/MediaProvider/mediaprovider_flags_java_lib/android_common_apex30/javac/srcjars/com/android/providers/media/flags/Flags.java,81,5,81,25,
Lcom/android/providers/media/flags/Flags;->accessMediaOwnerPackageNamePermission()Z,out/soong/.intermediates/packages/providers/MediaProvider/mediaprovider_flags_java_lib/android_common_apex30/javac/srcjars/com/android/providers/media/flags/Flags.java,81,5,81,25,
Lcom/android/providers/media/flags/Flags;->audioSampleColumns()Z,out/soong/.intermediates/packages/providers/MediaProvider/mediaprovider_flags_java_lib/android_common_apex30/javac/srcjars/com/android/providers/media/flags/Flags.java,88,5,88,25,
Lcom/android/providers/media/flags/Flags;->audioSampleColumns()Z,out/soong/.intermediates/packages/providers/MediaProvider/mediaprovider_flags_java_lib/android_common_apex30/javac/srcjars/com/android/providers/media/flags/Flags.java,88,5,88,25,
Lcom/android/providers/media/flags/Flags;->cloudMediaProviderSearch()Z,out/soong/.intermediates/packages/providers/MediaProvider/mediaprovider_flags_java_lib/android_common_apex30/javac/srcjars/com/android/providers/media/flags/Flags.java,95,5,95,25,
Lcom/android/providers/media/flags/Flags;->cloudMediaProviderSearch()Z,out/soong/.intermediates/packages/providers/MediaProvider/mediaprovider_flags_java_lib/android_common_apex30/javac/srcjars/com/android/providers/media/flags/Flags.java,95,5,95,25,
Lcom/android/providers/media/flags/Flags;->enableAppopPermissionChecksCache()Z,out/soong/.intermediates/packages/providers/MediaProvider/mediaprovider_flags_java_lib/android_common_apex30/javac/srcjars/com/android/providers/media/flags/Flags.java,102,5,102,25,
Lcom/android/providers/media/flags/Flags;->enableAppopPermissionChecksCache()Z,out/soong/.intermediates/packages/providers/MediaProvider/mediaprovider_flags_java_lib/android_common_apex30/javac/srcjars/com/android/providers/media/flags/Flags.java,102,5,102,25,
Lcom/android/providers/media/flags/Flags;->enableBackupAndRestore()Z,out/soong/.intermediates/packages/providers/MediaProvider/mediaprovider_flags_java_lib/android_common_apex30/javac/srcjars/com/android/providers/media/flags/Flags.java,109,5,109,25,
Lcom/android/providers/media/flags/Flags;->enableBackupAndRestore()Z,out/soong/.intermediates/packages/providers/MediaProvider/mediaprovider_flags_java_lib/android_common_apex30/javac/srcjars/com/android/providers/media/flags/Flags.java,109,5,109,25,
Lcom/android/providers/media/flags/Flags;->enableCloudMediaProviderCapabilities()Z,out/soong/.intermediates/packages/providers/MediaProvider/mediaprovider_flags_java_lib/android_common_apex30/javac/srcjars/com/android/providers/media/flags/Flags.java,116,5,116,25,
Lcom/android/providers/media/flags/Flags;->enableCloudMediaProviderCapabilities()Z,out/soong/.intermediates/packages/providers/MediaProvider/mediaprovider_flags_java_lib/android_common_apex30/javac/srcjars/com/android/providers/media/flags/Flags.java,116,5,116,25,
Lcom/android/providers/media/flags/Flags;->enableEmbeddedPhotopicker()Z,out/soong/.intermediates/packages/providers/MediaProvider/mediaprovider_flags_java_lib/android_common_apex30/javac/srcjars/com/android/providers/media/flags/Flags.java,123,5,123,25,
Lcom/android/providers/media/flags/Flags;->enableEmbeddedPhotopicker()Z,out/soong/.intermediates/packages/providers/MediaProvider/mediaprovider_flags_java_lib/android_common_apex30/javac/srcjars/com/android/providers/media/flags/Flags.java,123,5,123,25,
Lcom/android/providers/media/flags/Flags;->enableExclusionListForDefaultFolders()Z,out/soong/.intermediates/packages/providers/MediaProvider/mediaprovider_flags_java_lib/android_common_apex30/javac/srcjars/com/android/providers/media/flags/Flags.java,130,5,130,25,
Lcom/android/providers/media/flags/Flags;->enableExclusionListForDefaultFolders()Z,out/soong/.intermediates/packages/providers/MediaProvider/mediaprovider_flags_java_lib/android_common_apex30/javac/srcjars/com/android/providers/media/flags/Flags.java,130,5,130,25,
Lcom/android/providers/media/flags/Flags;->enableLocalMediaProviderCapabilities()Z,out/soong/.intermediates/packages/providers/MediaProvider/mediaprovider_flags_java_lib/android_common_apex30/javac/srcjars/com/android/providers/media/flags/Flags.java,137,5,137,25,
Lcom/android/providers/media/flags/Flags;->enableLocalMediaProviderCapabilities()Z,out/soong/.intermediates/packages/providers/MediaProvider/mediaprovider_flags_java_lib/android_common_apex30/javac/srcjars/com/android/providers/media/flags/Flags.java,137,5,137,25,
Lcom/android/providers/media/flags/Flags;->enableMaliciousAppDetector()Z,out/soong/.intermediates/packages/providers/MediaProvider/mediaprovider_flags_java_lib/android_common_apex30/javac/srcjars/com/android/providers/media/flags/Flags.java,144,5,144,25,
Lcom/android/providers/media/flags/Flags;->enableMaliciousAppDetector()Z,out/soong/.intermediates/packages/providers/MediaProvider/mediaprovider_flags_java_lib/android_common_apex30/javac/srcjars/com/android/providers/media/flags/Flags.java,144,5,144,25,
Lcom/android/providers/media/flags/Flags;->enableMarkIsFavoriteStatusApi()Z,out/soong/.intermediates/packages/providers/MediaProvider/mediaprovider_flags_java_lib/android_common_apex30/javac/srcjars/com/android/providers/media/flags/Flags.java,151,5,151,25,
Lcom/android/providers/media/flags/Flags;->enableMarkIsFavoriteStatusApi()Z,out/soong/.intermediates/packages/providers/MediaProvider/mediaprovider_flags_java_lib/android_common_apex30/javac/srcjars/com/android/providers/media/flags/Flags.java,151,5,151,25,
Lcom/android/providers/media/flags/Flags;->enableMarkMediaAsFavoriteApi()Z,out/soong/.intermediates/packages/providers/MediaProvider/mediaprovider_flags_java_lib/android_common_apex30/javac/srcjars/com/android/providers/media/flags/Flags.java,158,5,158,25,
Lcom/android/providers/media/flags/Flags;->enableMarkMediaAsFavoriteApi()Z,out/soong/.intermediates/packages/providers/MediaProvider/mediaprovider_flags_java_lib/android_common_apex30/javac/srcjars/com/android/providers/media/flags/Flags.java,158,5,158,25,
Lcom/android/providers/media/flags/Flags;->enableMimeTypeFixForAndroid15()Z,out/soong/.intermediates/packages/providers/MediaProvider/mediaprovider_flags_java_lib/android_common_apex30/javac/srcjars/com/android/providers/media/flags/Flags.java,165,5,165,25,
Lcom/android/providers/media/flags/Flags;->enableMimeTypeFixForAndroid15()Z,out/soong/.intermediates/packages/providers/MediaProvider/mediaprovider_flags_java_lib/android_common_apex30/javac/srcjars/com/android/providers/media/flags/Flags.java,165,5,165,25,
Lcom/android/providers/media/flags/Flags;->enableModernPhotopicker()Z,out/soong/.intermediates/packages/providers/MediaProvider/mediaprovider_flags_java_lib/android_common_apex30/javac/srcjars/com/android/providers/media/flags/Flags.java,172,5,172,25,
Lcom/android/providers/media/flags/Flags;->enableModernPhotopicker()Z,out/soong/.intermediates/packages/providers/MediaProvider/mediaprovider_flags_java_lib/android_common_apex30/javac/srcjars/com/android/providers/media/flags/Flags.java,172,5,172,25,
Lcom/android/providers/media/flags/Flags;->enableOemMetadata()Z,out/soong/.intermediates/packages/providers/MediaProvider/mediaprovider_flags_java_lib/android_common_apex30/javac/srcjars/com/android/providers/media/flags/Flags.java,179,5,179,25,
Lcom/android/providers/media/flags/Flags;->enableOemMetadata()Z,out/soong/.intermediates/packages/providers/MediaProvider/mediaprovider_flags_java_lib/android_common_apex30/javac/srcjars/com/android/providers/media/flags/Flags.java,179,5,179,25,
Lcom/android/providers/media/flags/Flags;->enableOemMetadataUpdate()Z,out/soong/.intermediates/packages/providers/MediaProvider/mediaprovider_flags_java_lib/android_common_apex30/javac/srcjars/com/android/providers/media/flags/Flags.java,186,5,186,25,
Lcom/android/providers/media/flags/Flags;->enableOemMetadataUpdate()Z,out/soong/.intermediates/packages/providers/MediaProvider/mediaprovider_flags_java_lib/android_common_apex30/javac/srcjars/com/android/providers/media/flags/Flags.java,186,5,186,25,
Lcom/android/providers/media/flags/Flags;->enablePhotopickerDatescrubber()Z,out/soong/.intermediates/packages/providers/MediaProvider/mediaprovider_flags_java_lib/android_common_apex30/javac/srcjars/com/android/providers/media/flags/Flags.java,193,5,193,25,
Lcom/android/providers/media/flags/Flags;->enablePhotopickerDatescrubber()Z,out/soong/.intermediates/packages/providers/MediaProvider/mediaprovider_flags_java_lib/android_common_apex30/javac/srcjars/com/android/providers/media/flags/Flags.java,193,5,193,25,
Lcom/android/providers/media/flags/Flags;->enablePhotopickerExpressiveTheme()Z,out/soong/.intermediates/packages/providers/MediaProvider/mediaprovider_flags_java_lib/android_common_apex30/javac/srcjars/com/android/providers/media/flags/Flags.java,200,5,200,25,
Lcom/android/providers/media/flags/Flags;->enablePhotopickerExpressiveTheme()Z,out/soong/.intermediates/packages/providers/MediaProvider/mediaprovider_flags_java_lib/android_common_apex30/javac/srcjars/com/android/providers/media/flags/Flags.java,200,5,200,25,
Lcom/android/providers/media/flags/Flags;->enablePhotopickerSearch()Z,out/soong/.intermediates/packages/providers/MediaProvider/mediaprovider_flags_java_lib/android_common_apex30/javac/srcjars/com/android/providers/media/flags/Flags.java,207,5,207,25,
Lcom/android/providers/media/flags/Flags;->enablePhotopickerSearch()Z,out/soong/.intermediates/packages/providers/MediaProvider/mediaprovider_flags_java_lib/android_common_apex30/javac/srcjars/com/android/providers/media/flags/Flags.java,207,5,207,25,
Lcom/android/providers/media/flags/Flags;->enablePhotopickerTranscoding()Z,out/soong/.intermediates/packages/providers/MediaProvider/mediaprovider_flags_java_lib/android_common_apex30/javac/srcjars/com/android/providers/media/flags/Flags.java,214,5,214,25,
Lcom/android/providers/media/flags/Flags;->enablePhotopickerTranscoding()Z,out/soong/.intermediates/packages/providers/MediaProvider/mediaprovider_flags_java_lib/android_common_apex30/javac/srcjars/com/android/providers/media/flags/Flags.java,214,5,214,25,
Lcom/android/providers/media/flags/Flags;->enableStableUrisForExternalPrimaryVolume()Z,out/soong/.intermediates/packages/providers/MediaProvider/mediaprovider_flags_java_lib/android_common_apex30/javac/srcjars/com/android/providers/media/flags/Flags.java,221,5,221,25,
Lcom/android/providers/media/flags/Flags;->enableStableUrisForExternalPrimaryVolume()Z,out/soong/.intermediates/packages/providers/MediaProvider/mediaprovider_flags_java_lib/android_common_apex30/javac/srcjars/com/android/providers/media/flags/Flags.java,221,5,221,25,
Lcom/android/providers/media/flags/Flags;->enableStableUrisForPublicVolume()Z,out/soong/.intermediates/packages/providers/MediaProvider/mediaprovider_flags_java_lib/android_common_apex30/javac/srcjars/com/android/providers/media/flags/Flags.java,228,5,228,25,
Lcom/android/providers/media/flags/Flags;->enableStableUrisForPublicVolume()Z,out/soong/.intermediates/packages/providers/MediaProvider/mediaprovider_flags_java_lib/android_common_apex30/javac/srcjars/com/android/providers/media/flags/Flags.java,228,5,228,25,
Lcom/android/providers/media/flags/Flags;->enableUnicodeCheck()Z,out/soong/.intermediates/packages/providers/MediaProvider/mediaprovider_flags_java_lib/android_common_apex30/javac/srcjars/com/android/providers/media/flags/Flags.java,235,5,235,25,
Lcom/android/providers/media/flags/Flags;->enableUnicodeCheck()Z,out/soong/.intermediates/packages/providers/MediaProvider/mediaprovider_flags_java_lib/android_common_apex30/javac/srcjars/com/android/providers/media/flags/Flags.java,235,5,235,25,
Lcom/android/providers/media/flags/Flags;->excludeUnreliableVolumes()Z,out/soong/.intermediates/packages/providers/MediaProvider/mediaprovider_flags_java_lib/android_common_apex30/javac/srcjars/com/android/providers/media/flags/Flags.java,242,5,242,25,
Lcom/android/providers/media/flags/Flags;->excludeUnreliableVolumes()Z,out/soong/.intermediates/packages/providers/MediaProvider/mediaprovider_flags_java_lib/android_common_apex30/javac/srcjars/com/android/providers/media/flags/Flags.java,242,5,242,25,
Lcom/android/providers/media/flags/Flags;->indexMediaLatitudeLongitude()Z,out/soong/.intermediates/packages/providers/MediaProvider/mediaprovider_flags_java_lib/android_common_apex30/javac/srcjars/com/android/providers/media/flags/Flags.java,249,5,249,25,
Lcom/android/providers/media/flags/Flags;->indexMediaLatitudeLongitude()Z,out/soong/.intermediates/packages/providers/MediaProvider/mediaprovider_flags_java_lib/android_common_apex30/javac/srcjars/com/android/providers/media/flags/Flags.java,249,5,249,25,
Lcom/android/providers/media/flags/Flags;->inferredMediaDate()Z,out/soong/.intermediates/packages/providers/MediaProvider/mediaprovider_flags_java_lib/android_common_apex30/javac/srcjars/com/android/providers/media/flags/Flags.java,256,5,256,25,
Lcom/android/providers/media/flags/Flags;->inferredMediaDate()Z,out/soong/.intermediates/packages/providers/MediaProvider/mediaprovider_flags_java_lib/android_common_apex30/javac/srcjars/com/android/providers/media/flags/Flags.java,256,5,256,25,
Lcom/android/providers/media/flags/Flags;->mediaCognitionService()Z,out/soong/.intermediates/packages/providers/MediaProvider/mediaprovider_flags_java_lib/android_common_apex30/javac/srcjars/com/android/providers/media/flags/Flags.java,263,5,263,25,
Lcom/android/providers/media/flags/Flags;->mediaCognitionService()Z,out/soong/.intermediates/packages/providers/MediaProvider/mediaprovider_flags_java_lib/android_common_apex30/javac/srcjars/com/android/providers/media/flags/Flags.java,263,5,263,25,
Lcom/android/providers/media/flags/Flags;->mediaStoreOpenFile()Z,out/soong/.intermediates/packages/providers/MediaProvider/mediaprovider_flags_java_lib/android_common_apex30/javac/srcjars/com/android/providers/media/flags/Flags.java,270,5,270,25,
Lcom/android/providers/media/flags/Flags;->mediaStoreOpenFile()Z,out/soong/.intermediates/packages/providers/MediaProvider/mediaprovider_flags_java_lib/android_common_apex30/javac/srcjars/com/android/providers/media/flags/Flags.java,270,5,270,25,
Lcom/android/providers/media/flags/Flags;->motionPhotoIntent()Z,out/soong/.intermediates/packages/providers/MediaProvider/mediaprovider_flags_java_lib/android_common_apex30/javac/srcjars/com/android/providers/media/flags/Flags.java,277,5,277,25,
Lcom/android/providers/media/flags/Flags;->motionPhotoIntent()Z,out/soong/.intermediates/packages/providers/MediaProvider/mediaprovider_flags_java_lib/android_common_apex30/javac/srcjars/com/android/providers/media/flags/Flags.java,277,5,277,25,
Lcom/android/providers/media/flags/Flags;->pickOrderedImages()Z,out/soong/.intermediates/packages/providers/MediaProvider/mediaprovider_flags_java_lib/android_common_apex30/javac/srcjars/com/android/providers/media/flags/Flags.java,284,5,284,25,
Lcom/android/providers/media/flags/Flags;->pickOrderedImages()Z,out/soong/.intermediates/packages/providers/MediaProvider/mediaprovider_flags_java_lib/android_common_apex30/javac/srcjars/com/android/providers/media/flags/Flags.java,284,5,284,25,
Lcom/android/providers/media/flags/Flags;->pickerAccentColor()Z,out/soong/.intermediates/packages/providers/MediaProvider/mediaprovider_flags_java_lib/android_common_apex30/javac/srcjars/com/android/providers/media/flags/Flags.java,291,5,291,25,
Lcom/android/providers/media/flags/Flags;->pickerAccentColor()Z,out/soong/.intermediates/packages/providers/MediaProvider/mediaprovider_flags_java_lib/android_common_apex30/javac/srcjars/com/android/providers/media/flags/Flags.java,291,5,291,25,
Lcom/android/providers/media/flags/Flags;->pickerDefaultTab()Z,out/soong/.intermediates/packages/providers/MediaProvider/mediaprovider_flags_java_lib/android_common_apex30/javac/srcjars/com/android/providers/media/flags/Flags.java,298,5,298,25,
Lcom/android/providers/media/flags/Flags;->pickerDefaultTab()Z,out/soong/.intermediates/packages/providers/MediaProvider/mediaprovider_flags_java_lib/android_common_apex30/javac/srcjars/com/android/providers/media/flags/Flags.java,298,5,298,25,
Lcom/android/providers/media/flags/Flags;->pickerPreSelectionExtra()Z,out/soong/.intermediates/packages/providers/MediaProvider/mediaprovider_flags_java_lib/android_common_apex30/javac/srcjars/com/android/providers/media/flags/Flags.java,305,5,305,25,
Lcom/android/providers/media/flags/Flags;->pickerPreSelectionExtra()Z,out/soong/.intermediates/packages/providers/MediaProvider/mediaprovider_flags_java_lib/android_common_apex30/javac/srcjars/com/android/providers/media/flags/Flags.java,305,5,305,25,
Lcom/android/providers/media/flags/Flags;->pickerRecentSelection()Z,out/soong/.intermediates/packages/providers/MediaProvider/mediaprovider_flags_java_lib/android_common_apex30/javac/srcjars/com/android/providers/media/flags/Flags.java,312,5,312,25,
Lcom/android/providers/media/flags/Flags;->pickerRecentSelection()Z,out/soong/.intermediates/packages/providers/MediaProvider/mediaprovider_flags_java_lib/android_common_apex30/javac/srcjars/com/android/providers/media/flags/Flags.java,312,5,312,25,
Lcom/android/providers/media/flags/Flags;->revokeAccessOwnedPhotos()Z,out/soong/.intermediates/packages/providers/MediaProvider/mediaprovider_flags_java_lib/android_common_apex30/javac/srcjars/com/android/providers/media/flags/Flags.java,319,5,319,25,
Lcom/android/providers/media/flags/Flags;->revokeAccessOwnedPhotos()Z,out/soong/.intermediates/packages/providers/MediaProvider/mediaprovider_flags_java_lib/android_common_apex30/javac/srcjars/com/android/providers/media/flags/Flags.java,319,5,319,25,
Lcom/android/providers/media/flags/Flags;->versionLockdown()Z,out/soong/.intermediates/packages/providers/MediaProvider/mediaprovider_flags_java_lib/android_common_apex30/javac/srcjars/com/android/providers/media/flags/Flags.java,326,5,326,25,
Lcom/android/providers/media/flags/Flags;->versionLockdown()Z,out/soong/.intermediates/packages/providers/MediaProvider/mediaprovider_flags_java_lib/android_common_apex30/javac/srcjars/com/android/providers/media/flags/Flags.java,326,5,326,25,
